자연,곽지해수욕장,20200120,40
자연,광치기해변,20200119,1
자연,광치기해변,20200120,45
자연,금능해수욕장,20200118,1
자연,금능해수욕장,20200119,19
자연,금능해수욕장,20200120,46
자연,김녕해수욕장,20200115,1
자연,김녕해수욕장,20200117,1
자연,김녕해수욕장,20200119,1
자연,김녕해수욕장,20200120,49
자연,큰엉해안경승지,20200119,7
자연,큰엉해안경승지,20200120,18
자연,높은오름,20200101,4
자연,높은오름,20200103,2
자연,높은오름,20200104,1
자연,높은오름,20200105,1
자연,높은오름,20200106,1
자연,높은오름,20200107,1
자연,높은오름,20200108,3
자연,높은오름,20200109,1
자연,높은오름,20200111,1
자연,높은오름,20200117,1
자연,높은오름,20200118,3
자연,높은오름,20200119,3
자연,높은오름,20200120,1
자연,다랑쉬오름,20200108,13
자연,다랑쉬오름,20200109,9
자연,다랑쉬오름,20200110,12
자연,다랑쉬오름,20200111,9
자연,다랑쉬오름,20200112,15
자연,다랑쉬오름,20200113,12
자연,다랑쉬오름,20200114,14
자연,다랑쉬오름,20200115,8
자연,다랑쉬오름,20200116,12
자연,다랑쉬오름,20200117,17
자연,다랑쉬오름,20200118,14
자연,다랑쉬오름,20200119,10
자연,다랑쉬오름,20200120,13
자연,다려도,20200101,1
자연,다려도,20200102,1
자연,다려도,20200103,1
자연,다려도,20200104,1
자연,다려도,20200105,1
자연,다려도,20200106,1
자연,다려도,20200107,1
자연,다려도,20200109,1
자연,다려도,20200112,1
자연,다려도,20200113,2
자연,다려도,20200114,1
자연,다려도,20200115,1
자연,다려도,20200116,2
자연,다려도,20200117,1
자연,다려도,20200118,1
자연,다려도,20200119,1
자연,돈내코,20200101,3
자연,돈내코,20200102,4
자연,돈내코,20200103,4
자연,돈내코,20200104,4
자연,돈내코,20200105,3
자연,돈내코,20200106,3
자연,돈내코,20200107,2
자연,돈내코,20200108,2
자연,돈내코,20200109,4
자연,돈내코,20200110,5
자연,돈내코,20200111,6
자연,돈내코,20200112,5
자연,돈내코,20200113,4
자연,돈내코,20200114,7
자연,돈내코,20200115,6
자연,돈내코,20200116,6
자연,돈내코,20200117,4
자연,돈내코,20200118,5
자연,돈내코,20200119,5
자연,돈내코,20200120,4
자연,따라비오름,20200101,1
자연,따라비오름,20200102,6
자연,따라비오름,20200103,13
자연,따라비오름,20200104,11
자연,따라비오름,20200105,6
자연,따라비오름,20200106,9
자연,따라비오름,20200107,2
자연,따라비오름,20200108,3
자연,따라비오름,20200109,3
자연,따라비오름,20200110,8
자연,따라비오름,20200111,8
자연,따라비오름,20200112,12
자연,따라비오름,20200113,8
자연,따라비오름,20200114,8
자연,따라비오름,20200115,11
자연,따라비오름,20200116,4
자연,따라비오름,20200117,10
자연,따라비오름,20200118,11
자연,따라비오름,20200119,13
자연,따라비오름,20200120,8
자연,마라도등대,20200102,1
자연,마라도등대,20200104,2
자연,마라도등대,20200109,1
자연,마라도등대,20200110,1
자연,마라도등대,20200114,1
자연,마라도,20200114,1
자연,마라도,20200117,3
자연,마라도,20200118,51
자연,마라도,20200119,54
자연,마라도,20200120,41
자연,모지오름,20200104,1
자연,무수천,20200102,1
자연,무수천,20200114,1
자연,무수천,20200115,1
자연,물영아리,20200102,1
자연,물영아리,20200107,1
자연,물영아리,20200109,1
자연,물영아리,20200110,1
자연,물영아리,20200111,1
자연,물영아리,20200116,1
자연,물영아리,20200118,1
자연,바농오름,20200101,1
자연,바농오름,20200104,1
자연,바농오름,20200105,1
자연,방선문,20200110,1
자연,별도봉,20200101,18
자연,별도봉,20200102,3
자연,별도봉,20200103,2
자연,별도봉,20200104,1
자연,별도봉,20200105,4
자연,별도봉,20200106,3
자연,별도봉,20200107,1
자연,별도봉,20200108,2
자연,별도봉,20200109,1
자연,별도봉,20200110,4
자연,별도봉,20200112,2
자연,별도봉,20200114,1
자연,별도봉,20200116,1
자연,별도봉,20200118,2
자연,별도봉,20200119,1
자연,별도봉,20200120,1
자연,보목마을,20200119,1
자연,붉은오름자연휴양림,20200101,1
자연,붉은오름자연휴양림,20200103,1
자연,붉은오름자연휴양림,20200105,4
자연,붉은오름자연휴양림,20200106,4
자연,붉은오름자연휴양림,20200110,1
자연,붉은오름자연휴양림,20200115,2
자연,붉은오름자연휴양림,20200116,1
자연,비양도,20200108,1
자연,비양도,20200117,21
자연,비양도,20200118,36
자연,비양도,20200119,36
자연,비양도,20200120,43
자연,비양봉,20200103,1
자연,비양봉,20200105,1
자연,비양봉,20200106,1
자연,비양봉,20200107,1
자연,비양봉,20200109,1
자연,비양봉,20200112,1
자연,비양봉,20200115,1
자연,비양봉,20200117,2
자연,비양봉,20200118,1
자연,비양봉,20200119,1
자연,비양봉,20200120,1
자연,비자림,20200101,1
자연,비자림,20200118,53
자연,비자림,20200119,59
자연,비자림,20200120,35
자연,사라봉,20200118,3
자연,사라봉,20200119,3
자연,사라봉,20200120,4
자연,사라오름,20200105,4
자연,사라오름,20200106,8
자연,사라오름,20200107,6
자연,사라오름,20200108,2
자연,사라오름,20200109,3
자연,사라오름,20200110,8
자연,사라오름,20200111,10
자연,사라오름,20200112,11
자연,사라오름,20200113,15
자연,사라오름,20200114,16
자연,사라오름,20200115,16
자연,사라오름,20200116,11
자연,사라오름,20200117,10
자연,사라오름,20200118,18
자연,사라오름,20200119,14
자연,사라오름,20200120,16
자연,산방산,20200102,1
자연,산방산,20200119,16
자연,산방산,20200120,103
자연,산지등대,20200103,2
자연,산지등대,20200104,4
자연,산지등대,20200106,1
자연,산지등대,20200107,1
자연,산지등대,20200108,1
자연,산지등대,20200112,1
자연,산지등대,20200116,2
자연,산지천,20200101,1
자연,산지천,20200102,1
자연,산지천,20200103,1
자연,산지천,20200104,3
자연,산지천,20200105,4
자연,산지천,20200106,2
자연,산지천,20200107,3
자연,산지천,20200108,2
자연,산지천,20200109,1
자연,산지천,20200110,4
자연,산지천,20200111,6
자연,산지천,20200112,5
자연,산지천,20200113,1
자연,산지천,20200114,2
자연,산지천,20200115,2
자연,산지천,20200116,4
자연,산지천,20200117,2
자연,산지천,20200118,5
자연,산지천,20200119,3
자연,산지천,20200120,1
자연,삼양해수욕장,20200101,4
자연,삼양해수욕장,20200102,3
자연,삼양해수욕장,20200103,2
자연,삼양해수욕장,20200104,8
자연,삼양해수욕장,20200105,4
자연,삼양해수욕장,20200106,5
자연,삼양해수욕장,20200107,9
자연,삼양해수욕장,20200108,6
자연,삼양해수욕장,20200109,3
자연,삼양해수욕장,20200110,8
자연,삼양해수욕장,20200111,6
자연,삼양해수욕장,20200112,5
자연,삼양해수욕장,20200113,5
자연,삼양해수욕장,20200114,7
자연,삼양해수욕장,20200115,3
자연,삼양해수욕장,20200116,5
자연,삼양해수욕장,20200117,4
자연,삼양해수욕장,20200118,10
자연,삼양해수욕장,20200119,6
자연,삼양해수욕장,20200120,7
자연,세미오름,20200105,1
자연,세미오름,20200118,1
자연,새별오름,20200120,7
자연,생각하는정원,20200101,6
자연,생각하는정원,20200102,5
자연,생각하는정원,20200103,9
자연,생각하는정원,20200104,5
자연,생각하는정원,20200105,6
자연,생각하는정원,20200106,4
자연,생각하는정원,20200107,4
자연,생각하는정원,20200108,5
자연,생각하는정원,20200109,6
자연,생각하는정원,20200110,9
자연,생각하는정원,20200111,4
자연,생각하는정원,20200112,5
자연,생각하는정원,20200113,8
자연,생각하는정원,20200114,3
자연,생각하는정원,20200115,8
자연,생각하는정원,20200116,5
자연,생각하는정원,20200117,1
자연,생각하는정원,20200118,3
자연,생각하는정원,20200119,7
자연,생각하는정원,20200120,5
자연,서건도,20200101,1
자연,서건도,20200103,2
자연,서건도,20200104,1
자연,서건도,20200105,1
자연,서건도,20200107,1
자연,서건도,20200109,1
자연,서건도,20200111,2
자연,서건도,20200112,3
자연,서건도,20200114,2
자연,서건도,20200115,1
자연,서건도,20200116,2
자연,서건도,20200117,3
자연,서귀포자연휴양림,20200101,3
자연,서귀포자연휴양림,20200103,2
자연,서귀포자연휴양림,20200104,1
자연,서귀포자연휴양림,20200105,2
자연,서귀포자연휴양림,20200106,2
자연,서귀포자연휴양림,20200107,2
자연,서귀포자연휴양림,20200108,2
자연,서귀포자연휴양림,20200109,1
자연,서귀포자연휴양림,20200110,2
자연,서귀포자연휴양림,20200112,3
자연,서귀포자연휴양림,20200113,2
자연,서귀포자연휴양림,20200114,2
자연,서귀포자연휴양림,20200116,3
자연,서귀포자연휴양림,20200118,2
자연,서귀포자연휴양림,20200119,1
자연,서귀포자연휴양림,20200120,1
자연,서귀포해양도립공원,20200108,1
자연,서귀포해양도립공원,20200112,1
자연,석부작박물관,20200102,1
자연,석부작박물관,20200103,1
자연,석부작박물관,20200106,1
자연,석부작박물관,20200109,1
자연,석부작박물관,20200112,1
자연,석부작박물관,20200116,1
자연,석부작박물관,20200117,2
자연,석부작박물관,20200118,2
자연,석부작박물관,20200119,1
자연,선흘곶자왈,20200101,1
자연,선흘곶자왈,20200102,1
자연,선흘곶자왈,20200108,1
자연,선흘곶자왈,20200112,1
자연,선흘곶자왈,20200119,1
자연,섭지코지,20200118,1
자연,섭지코지,20200119,1
자연,섭지코지,20200120,107
자연,세화해변,20200101,1
자연,세화해변,20200111,1
자연,세화해변,20200119,1
자연,세화해변,20200120,69
자연,소남머리,20200103,1
자연,소남머리,20200104,1
자연,소남머리,20200107,1
자연,소남머리,20200117,1
자연,소정방폭포,20200101,4
자연,소정방폭포,20200102,4
자연,소정방폭포,20200103,2
자연,소정방폭포,20200104,1
자연,소정방폭포,20200105,2
자연,소정방폭포,20200106,1
자연,소정방폭포,20200107,2
자연,소정방폭포,20200108,3
자연,소정방폭포,20200109,2
자연,소정방폭포,20200111,1
자연,소정방폭포,20200112,2
자연,소정방폭포,20200113,2
자연,소정방폭포,20200114,4
자연,소정방폭포,20200115,2
자연,소정방폭포,20200116,1
자연,소정방폭포,20200117,2
자연,소정방폭포,20200118,4
자연,소정방폭포,20200120,3
자연,송아오름,20200105,1
자연,송아오름,20200106,1
자연,송아오름,20200108,1
자연,송아오름,20200115,1
자연,송악산,20200120,29
자연,쇠머리오름,20200102,1
자연,쇠머리오름,20200110,2
자연,쇠머리오름,20200111,1
자연,쇠머리오름,20200119,2
자연,쇠소깍,20200109,1
자연,쇠소깍,20200114,1
자연,쇠소깍,20200119,22
자연,쇠소깍,20200120,69
자연,수월봉,20200111,6
자연,수월봉,20200112,15
자연,수월봉,20200113,17
자연,수월봉,20200114,8
자연,수월봉,20200115,18
자연,수월봉,20200116,17
자연,수월봉,20200117,18
자연,수월봉,20200118,18
자연,수월봉,20200119,19
자연,수월봉,20200120,13
자연,신천목장,20200104,9
자연,신천목장,20200105,8
자연,신천목장,20200106,13
자연,신천목장,20200107,10
자연,신천목장,20200108,14
자연,신천목장,20200109,7
자연,신천목장,20200110,9
자연,신천목장,20200111,12
자연,신천목장,20200112,13
자연,신천목장,20200113,7
자연,신천목장,20200114,5
자연,신천목장,20200115,7
자연,신천목장,20200116,13
자연,신천목장,20200117,10
자연,신천목장,20200118,5
자연,신천목장,20200119,6
자연,신천목장,20200120,9
