자연,1100고지습지,20200103,1
자연,1100고지습지,20200104,1
자연,1100고지습지,20200105,1
자연,1100고지습지,20200106,3
자연,1100고지습지,20200107,1
자연,1100고지습지,20200108,4
자연,1100고지습지,20200109,4
자연,1100고지습지,20200111,1
자연,1100고지습지,20200112,9
자연,1100고지습지,20200113,5
자연,1100고지습지,20200114,2
자연,1100고지습지,20200115,4
자연,1100고지습지,20200116,6
자연,1100고지습지,20200117,3
자연,1100고지습지,20200118,5
자연,1100고지습지,20200119,2
자연,1100고지습지,20200120,2
자연,가마오름,20200104,1
자연,가마오름,20200106,1
자연,가마오름,20200107,1
자연,가마오름,20200108,1
자연,가마오름,20200111,1
자연,가마오름,20200112,1
자연,가마오름,20200113,1
자연,가마오름,20200114,1
자연,가마오름,20200115,1
자연,가마오름,20200118,1
자연,가마오름,20200120,1
자연,가파도,20200120,15
자연,개오름,20200105,1
자연,거린사슴,20200102,1
자연,검멀레해변,20200120,3
자연,곽지해수욕장,20200120,5
자연,광치기해변,20200120,16
자연,군산,20200120,2
자연,금악오름,20200120,2
