자연,아부오름,20200119,2
자연,아부오름,20200120,14
자연,엉알해안,20200118,2
자연,엉알해안,20200119,1
자연,엉알해안,20200120,3
자연,연화못,20200108,2
자연,연화못,20200109,1
자연,연화못,20200110,2
자연,연화못,20200112,1
자연,연화못,20200113,2
자연,연화못,20200115,1
자연,연화못,20200116,1
자연,연화못,20200117,2
자연,연화못,20200118,1
자연,연화못,20200119,1
자연,연화못,20200120,1
자연,오백나한,20200118,3
자연,오백나한,20200119,1
자연,오백나한,20200120,1
자연,용눈이오름,20200120,22
자연,저지오름,20200118,1
자연,저지오름,20200119,8
자연,저지오름,20200120,12
자연,정물오름,20200102,1
자연,정물오름,20200103,4
자연,정물오름,20200104,2
자연,정물오름,20200105,2
자연,정물오름,20200106,1
자연,정물오름,20200111,1
자연,정물오름,20200113,1
자연,정물오름,20200115,4
자연,정물오름,20200118,1
자연,정물오름,20200119,1
자연,정방폭포,20200119,16
자연,정방폭포,20200120,32
자연,노루생태관찰원,20200112,3
자연,노루생태관찰원,20200117,1
자연,노루생태관찰원,20200118,1
자연,노루생태관찰원,20200119,1
